{
    "title" : "Préparation de votre Mac",
    "message" : "Les applications suivantes sent en cours d'installation...",
    "blurscreen":true,
    "moveable":false,
    "ontop":true,
    "button1text": "Masquer (l'installation se poursuivra en arrière-plan)",
    "icon" : "/Library/Application Support/Microsoft/IntuneScripts/Swift dialog/icons/SanteQuebec.png",
    "centreicon":false,
    "iconsize" : "500",
    "listitem" : [
      {"title" : "Portail d'entreprise", "icon" : "/Library/Application Support/Microsoft/IntuneScripts/Swift dialog/icons/CompanyPortal.png", "status" : "pending", "statustext" : "En attente"},
      {"title" : "Microsoft Office 365", "icon" : "/Library/Application Support/Microsoft/IntuneScripts/Swift dialog/icons/office.png", "status" : "pending", "statustext" : "En attente"},
      {"title" : "Microsoft Edge", "icon" : "/Library/Application Support/Microsoft/IntuneScripts/Swift dialog/icons/Edge.png", "status" : "pending", "statustext" : "En attente"},
      {"title" : "Microsoft Teams", "icon" : "/Library/Application Support/Microsoft/IntuneScripts/Swift dialog/icons/Teams.png", "status" : "pending", "statustext" : "En attente"},
      {"title" : "Palo Alto GlobalProtect", "icon" : "/Library/Application Support/Microsoft/IntuneScripts/Swift dialog/icons/GlobalProtect.png", "status" : "pending", "statustext" : "En attente"},
      {"title" : "Adobe Acrobat Reader", "icon" : "/Library/Application Support/Microsoft/IntuneScripts/Swift dialog/icons/AcrobatDC.jpg", "status" : "pending", "statustext" : "En attente"},
      {"title" : "Lansweeper agent", "icon" : "/Library/Application Support/Microsoft/IntuneScripts/Swift dialog/icons/LsAgent.png", "status" : "pending", "statustext" : "En attente"},
      {"title" : "ConnectWise Control", "icon" : "/Library/Application Support/Microsoft/IntuneScripts/Swift dialog/icons/ConnectWise.png", "status" : "pending", "statustext" : "En attente"},
      {"title" : "Microsoft Remote Desktop", "icon" : "/Library/Application Support/Microsoft/IntuneScripts/Swift dialog/icons/RemoteDesktop.png", "status" : "pending", "statustext" : "En attente"},
      {"title" : "Microsoft Remote Help", "icon" : "/Library/Application Support/Microsoft/IntuneScripts/Swift dialog/icons/RemoteHelp.png", "status" : "pending", "statustext" : "En attente"},
      {"title" : "Configuration du Dock", "icon" : "/Library/Application Support/Microsoft/IntuneScripts/Swift dialog/icons/Settings.png", "status" : "pending", "statustext" : "En attente"},
    ]
  }



